account_id,supervised_risk_score,anomaly_score,anomaly_flag,n_sim_changes,failure_rate,max_amount,label_account_takeover,combined_risk
ACC100647,1.0,0.9654523253070186,1,0.0,0.4285714285714285,12027.71,1,0.9861809301228075
ACC100401,0.9766666666666667,1.0,1,1.0,0.2666666666666666,49776.28,1,0.986
ACC100050,0.9866666666666667,0.9389923865244015,1,4.0,0.0714285714285714,28384.25,1,0.9675969546097606
ACC100765,0.9833333333333333,0.9436278704971472,1,0.0,0.2916666666666667,14467.81,1,0.9674511481988589
ACC100791,1.0,0.9146439984029977,1,1.0,0.1538461538461538,57054.8,1,0.9658575993611991
ACC100774,0.9766666666666667,0.9034520423358317,1,1.0,0.0625,53204.54,1,0.9473808169343326
ACC100601,1.0,0.8632006423185935,1,1.0,0.3571428571428571,24493.07,1,0.9452802569274374
ACC100425,0.9966666666666667,0.8446859794509661,1,0.0,0.0666666666666666,34210.01,1,0.9358743917803864
ACC100394,0.9933333333333333,0.844175888901029,1,0.0,0.1176470588235294,43215.77,1,0.9336703555604116
ACC100072,0.9966666666666667,0.834647761854989,1,1.0,0.1875,58044.57,1,0.9318591047419956
ACC100653,0.9866666666666667,0.8432186367990985,1,0.0,0.2272727272727272,8068.87,1,0.9292874547196394
ACC100562,0.9666666666666667,0.8549834319285688,1,3.0,0.2857142857142857,5522.12,1,0.9219933727714276
ACC100556,0.9933333333333333,0.8108327242047416,1,1.0,0.3,17739.27,1,0.9203330896818966
ACC100583,0.9966666666666667,0.8019215234281818,1,1.0,0.1578947368421052,23574.74,1,0.9187686093712727
ACC100054,0.9966666666666667,0.7773006127945385,1,2.0,0.25,15793.78,1,0.9089202451178154
ACC100745,1.0,0.7668728896259814,1,1.0,0.1428571428571428,37484.9,1,0.9067491558503926
ACC100178,0.9933333333333333,0.7737239279645158,1,1.0,0.3,16636.63,1,0.9054895711858063
ACC100500,0.95,0.8251983830491314,1,3.0,0.4375,5866.7,1,0.9000793532196525
ACC100141,1.0,0.7194139553677833,1,1.0,0.0909090909090909,18924.17,1,0.8877655821471133
ACC100714,0.9433333333333334,0.7988420011310912,1,0.0,0.1739130434782608,31356.14,1,0.8855368004524364
ACC100719,0.9833333333333333,0.7369035238116286,1,1.0,0.25,9631.49,1,0.8847614095246514
ACC100677,0.9666666666666667,0.7590687135298474,1,1.0,0.0,17750.88,1,0.8836274854119389
ACC100067,0.99,0.7193351718645791,1,3.0,0.1333333333333333,11975.98,1,0.8817340687458316
ACC100286,0.9933333333333333,0.6941906417695446,1,0.0,0.25,8006.77,1,0.8736762567078178
ACC100098,0.9833333333333333,0.6918606159429747,1,0.0,0.2142857142857142,7657.53,1,0.8667442463771898
ACC100346,1.0,0.65916921649884,1,1.0,0.1875,17690.7,1,0.863667686599536
ACC100218,0.98,0.6850332116849831,1,0.0,0.0909090909090909,6812.63,1,0.8620132846739932
ACC100650,0.97,0.6912698153320254,1,1.0,0.0,15135.27,1,0.8585079261328101
ACC100698,0.98,0.6689637845420919,1,0.0,0.0666666666666666,8219.76,1,0.8555855138168367
ACC100352,0.9966666666666667,0.6316438919509814,1,2.0,0.2307692307692307,6583.36,1,0.8506575567803925
ACC100327,0.97,0.6570726956649943,1,1.0,0.1875,9733.41,1,0.8448290782659977
ACC100550,0.9966666666666667,0.5993261090895164,0,1.0,0.0714285714285714,18708.28,1,0.8377304436358066
ACC100331,0.87,0.7891969384123171,1,1.0,0.05,13060.76,1,0.8376787753649269
ACC100386,0.98,0.6121336867865672,1,0.0,0.1578947368421052,11429.47,1,0.8328534747146269
ACC100153,0.9966666666666667,0.5667583704061145,0,0.0,0.1333333333333333,14647.52,1,0.8247033481624458
ACC100494,0.96,0.6064159819611042,1,0.0,0.1333333333333333,17974.53,1,0.8185663927844417
ACC100347,0.8833333333333333,0.7213643915346457,1,3.0,0.1111111111111111,7397.43,1,0.8185457566138582
ACC100313,0.9766666666666667,0.5760686015303625,0,0.0,0.2307692307692307,6411.66,1,0.816427440612145
ACC100071,0.9133333333333333,0.6696981989994955,1,0.0,0.3333333333333333,7312.19,1,0.8158792795997981
ACC100065,0.9233333333333333,0.5691565334102593,0,1.0,0.3076923076923077,6626.85,1,0.7816626133641037
ACC100435,0.8431309523809524,0.6686255480791128,1,3.0,0.1304347826086956,2927.57,1,0.7733287906602165
ACC100529,0.9332289748311848,0.5280309914423154,0,1.0,0.2,7267.33,1,0.7711497814756371
ACC100603,0.8766666666666667,0.5312212212684448,0,1.0,0.1666666666666666,4937.99,1,0.7384884885073779
ACC100131,0.75,0.6463535277495227,1,3.0,0.2727272727272727,633.83,1,0.7085414110998091
ACC100607,0.6433333333333333,0.7977715515918985,1,0.0,0.375,3391.88,1,0.7051086206367594
ACC100282,0.7998956414978515,0.4601644969762734,0,1.0,0.1538461538461538,2178.69,1,0.6640031836892203
ACC100641,0.4533333333333333,0.7904287839307821,1,2.0,0.2,21156.06,1,0.5881715135723129
ACC100356,0.47,0.3237306993443129,0,0.0,0.1333333333333333,1757.2,1,0.4114922797377252
ACC100302,0.023333333333333334,0.5864629341648375,0,3.0,0.1538461538461538,1686.69,0,0.24858517366593502
ACC100428,0.12333333333333334,0.39740267742178415,0,2.0,0.0555555555555555,7977.46,0,0.23296107096871366
ACC100447,0.006666666666666667,0.5125240450039131,0,0.0,0.2,1231.41,0,0.20900961800156526
ACC100618,0.06,0.42372368125271115,0,1.0,0.125,7169.89,0,0.20548947250108449
ACC100226,0.006666666666666667,0.48990611144144564,0,0.0,0.1875,1510.41,0,0.19996244457657827
ACC100519,0.0,0.49572571964004786,0,0.0,0.3125,1503.53,0,0.19829028785601915
ACC100709,0.0033333333333333335,0.47900966522634086,0,3.0,0.0,2715.49,0,0.19360386609053637
ACC100106,0.02666666666666667,0.44108703359710694,0,1.0,0.0833333333333333,5582.27,0,0.19243481343884278
ACC100687,0.0,0.47514227550634547,0,2.0,0.0,1787.17,0,0.1900569102025382
ACC100074,0.016666666666666666,0.44771515439511883,0,3.0,0.2307692307692307,2135.89,0,0.18908606175804754
ACC100310,0.02,0.43778116932252814,0,3.0,0.0,628.49,0,0.18711246772901127
ACC100212,0.013333333333333334,0.4425795692547724,0,1.0,0.3333333333333333,955.37,0,0.18503182770190896
ACC100755,0.0033333333333333335,0.45710355155809423,0,4.0,0.0,1449.47,0,0.18484142062323772
ACC100196,0.12,0.2746300003029775,0,0.0,0.1111111111111111,7390.37,0,0.18185200012119102
ACC100736,0.0,0.4500473617186847,0,2.0,0.1538461538461538,1361.65,0,0.1800189446874739
ACC100779,0.0,0.44735301157195057,0,2.0,0.0,1492.86,0,0.17894120462878024
ACC100158,0.0,0.4412359595509525,0,3.0,0.0,1603.07,0,0.17649438382038102
ACC100133,0.0,0.43335116229233117,0,0.0,0.3,3919.91,0,0.17334046491693247
ACC100548,0.0,0.43271556061715055,0,0.0,0.1818181818181818,1354.92,0,0.17308622424686024
ACC100531,0.05333333333333334,0.35126750309523264,0,2.0,0.0,627.5,0,0.17250700123809307
ACC100645,0.006666666666666667,0.4207771943350619,0,4.0,0.0,2214.18,0,0.17231087773402476
ACC100272,0.0,0.4165542835317218,0,1.0,0.3333333333333333,1793.63,0,0.16662171341268872
ACC100609,0.006666666666666667,0.3992191894126004,0,1.0,0.1538461538461538,1907.31,0,0.16368767576504017
ACC100270,0.02666666666666667,0.36567964395077107,0,2.0,0.0666666666666666,1785.81,0,0.16227185758030843
ACC100278,0.0,0.3953621002628204,0,1.0,0.3076923076923077,2523.01,0,0.1581448401051282
ACC100318,0.013333333333333334,0.37470276548507514,0,2.0,0.2666666666666666,1312.23,0,0.15788110619403006
ACC100788,0.016666666666666666,0.3659179505231208,0,0.0,0.0,264.57,0,0.15636718020924834
ACC100444,0.0033333333333333335,0.3854509477642244,0,1.0,0.0,1379.58,0,0.15618037910568977
ACC100146,0.01,0.3688138043878301,0,2.0,0.0,446.86,0,0.15352552175513207
ACC100344,0.0033333333333333335,0.3784482348923732,0,0.0,0.0952380952380952,3961.54,0,0.1533792939569493
ACC100227,0.013333333333333334,0.35928112950470315,0,0.0,0.0833333333333333,2432.22,0,0.15171245180188128
ACC100113,0.0,0.3791312261480956,0,3.0,0.2,1134.07,0,0.15165249045923823
ACC100613,0.0033333333333333335,0.3727940856930079,0,0.0,0.125,1457.15,0,0.15111763427720318
ACC100638,0.006666666666666667,0.36627489604947017,0,1.0,0.0,2723.39,0,0.15050995841978806
ACC100551,0.043333333333333335,0.3097558417048977,0,1.0,0.05,5377.91,0,0.1499023366819591
ACC100075,0.01,0.358942802687685,0,1.0,0.2727272727272727,2029.25,0,0.149577121075074
ACC100465,0.0,0.3722702394676552,0,3.0,0.1333333333333333,952.44,0,0.14890809578706207
ACC100168,0.0,0.37218345431222744,0,0.0,0.25,792.33,0,0.14887338172489098
ACC100600,0.0033333333333333335,0.35902639858992713,0,0.0,0.2,2772.73,0,0.14561055943597087
ACC100376,0.0033333333333333335,0.3571331224318863,0,0.0,0.25,629.2,0,0.1448532489727545
ACC100016,0.0,0.36164146204057646,0,1.0,0.0,1144.33,0,0.1446565848162306
ACC100295,0.04,0.30146457989105524,0,1.0,0.2,4476.91,0,0.1445858319564221
ACC100052,0.0033333333333333335,0.35281044426392716,0,3.0,0.0666666666666666,2491.08,0,0.14312417770557087
ACC100511,0.01,0.34076203510276276,0,3.0,0.1428571428571428,1467.71,0,0.14230481404110512
ACC100663,0.0,0.3521049989761448,0,0.0,0.2727272727272727,2429.29,0,0.14084199959045793
ACC100458,0.02,0.3201784850139192,0,0.0,0.1538461538461538,293.15,0,0.1400713940055677
ACC100137,0.016666666666666666,0.3208542183394184,0,1.0,0.1666666666666666,2995.28,0,0.13834168733576738
ACC100530,0.0,0.3443663893512278,0,0.0,0.1764705882352941,1901.17,0,0.13774655574049113
ACC100079,0.0,0.34264557822081415,0,1.0,0.3076923076923077,1498.61,0,0.13705823128832567
ACC100134,0.01656230816451811,0.3134149650908956,0,3.0,0.1333333333333333,2843.0,0,0.13530337093506914
ACC100235,0.0033333333333333335,0.33301306322781105,0,3.0,0.1111111111111111,2414.17,0,0.13520522529112441
ACC100368,0.04,0.27356550912500993,0,0.0,0.1428571428571428,567.2,0,0.133426203650004
ACC100027,0.0,0.3333371804564856,0,1.0,0.0,644.6,0,0.13333487218259424
ACC100056,0.0033333333333333335,0.32546728104386724,0,1.0,0.1739130434782608,942.17,0,0.1321869124175469
ACC100059,0.0,0.3277710940890638,0,0.0,0.1666666666666666,1007.87,0,0.13110843763562552
ACC100322,0.0033333333333333335,0.31443565854697336,0,0.0,0.1,1841.59,0,0.12777426341878936
ACC100084,0.0,0.3190850410796059,0,1.0,0.1176470588235294,1533.72,0,0.12763401643184236
ACC100557,0.0,0.3181195772532932,0,0.0,0.0,2019.53,0,0.12724783090131728
ACC100667,0.0,0.3128860900020805,0,0.0,0.2,513.48,0,0.1251544360008322
ACC100251,0.0033333333333333335,0.3074459475981567,0,1.0,0.1304347826086956,1407.15,0,0.12497837903926268
ACC100345,0.0,0.3119076298970763,0,1.0,0.2352941176470588,842.17,0,0.12476305195883053
ACC100778,0.006666666666666667,0.29829898000802163,0,0.0,0.125,3829.4,0,0.12331959200320866
ACC100754,0.03666666666666667,0.25170307062658276,0,0.0,0.1,5713.4,0,0.1226812282506331
ACC100375,0.0033333333333333335,0.3002568328927427,0,1.0,0.1333333333333333,1648.47,0,0.12210273315709708
ACC100614,0.0,0.3041075892426803,0,1.0,0.2222222222222222,725.21,0,0.12164303569707212
ACC100593,0.04666666666666667,0.23208932087522652,0,0.0,0.0625,5861.59,0,0.12083572835009061
ACC100403,0.0033333333333333335,0.29653373545337236,0,1.0,0.0,4189.32,0,0.12061349418134895
ACC100357,0.0,0.3014554944171065,0,0.0,0.1538461538461538,2332.91,0,0.1205821977668426
ACC100339,0.0,0.30119641637437894,0,1.0,0.2,737.05,0,0.12047856654975159
ACC100581,0.0033333333333333335,0.29361342078030095,0,0.0,0.0833333333333333,5176.04,0,0.11944536831212038
ACC100633,0.0,0.2981353022649919,0,0.0,0.2,1510.32,0,0.11925412090599677
ACC100673,0.0,0.2966896018853298,0,1.0,0.1428571428571428,667.71,0,0.11867584075413191
ACC100496,0.04,0.2361730578498401,0,0.0,0.0769230769230769,6680.36,0,0.11846922313993605
ACC100162,0.0,0.2936950123370709,0,0.0,0.25,1431.33,0,0.11747800493482836
ACC100540,0.0033333333333333335,0.2875611161169889,0,2.0,0.0,4198.08,0,0.11702444644679558
ACC100265,0.03666666666666667,0.23641825393080915,0,0.0,0.0,3568.87,0,0.11656730157232367
ACC100750,0.0,0.290276104361787,0,1.0,0.0,696.28,0,0.11611044174471481
ACC100661,0.0,0.28996368712177634,0,1.0,0.2,1135.91,0,0.11598547484871054
ACC100198,0.0,0.2893676721227548,0,0.0,0.0,1062.75,0,0.11574706884910194
ACC100351,0.0,0.28779834215663025,0,0.0,0.1666666666666666,2646.27,0,0.1151193368626521
ACC100236,0.0033333333333333335,0.28262808309574,0,3.0,0.0,1132.77,0,0.11505123323829601
ACC100132,0.0,0.28540169144071864,0,0.0,0.0,2776.18,0,0.11416067657628746
ACC100608,0.0,0.28481329558194,0,2.0,0.0,717.4,0,0.11392531823277602
ACC100091,0.0,0.28080356427624964,0,1.0,0.1428571428571428,1210.37,0,0.11232142571049986
ACC100639,0.0,0.27952662217114643,0,1.0,0.25,1069.54,0,0.11181064886845858
ACC100514,0.0,0.2788180817952125,0,0.0,0.1578947368421052,689.79,0,0.11152723271808501
ACC100718,0.0,0.2762346583879499,0,2.0,0.0,2127.5,0,0.11049386335517997
ACC100406,0.0,0.2744430341324328,0,0.0,0.1428571428571428,1564.4,0,0.10977721365297313
ACC100440,0.0,0.27255261385431423,0,0.0,0.0909090909090909,1287.86,0,0.1090210455417257
ACC100582,0.0,0.27164805371484657,0,1.0,0.0,1022.2,0,0.10865922148593864
ACC100300,0.013333333333333334,0.2514145056823118,0,0.0,0.0555555555555555,6407.56,0,0.10856580227292473
ACC100049,0.0,0.270212558303585,0,1.0,0.0,2198.77,0,0.10808502332143399
ACC100372,0.0,0.26991186526083616,0,0.0,0.0833333333333333,2731.77,0,0.10796474610433447
ACC100211,0.013333333333333334,0.24862553469484427,0,0.0,0.1,2877.29,0,0.10745021387793771
ACC100446,0.0,0.26821866189864824,0,0.0,0.1818181818181818,1306.14,0,0.1072874647594593
ACC100077,0.006666666666666667,0.2565706542845275,0,2.0,0.0476190476190476,3414.46,0,0.10662826171381101
ACC100150,0.0,0.26619475621625965,0,2.0,0.0,1239.58,0,0.10647790248650386
ACC100426,0.03333333333333333,0.21614057533938738,0,1.0,0.1,1653.05,0,0.10645623013575496
ACC100305,0.0033333333333333335,0.2608225991698489,0,2.0,0.0909090909090909,2957.48,0,0.10632903966793956
ACC100291,0.0,0.26463101200245787,0,2.0,0.1111111111111111,1887.89,0,0.10585240480098315
ACC100348,0.02,0.23170062616018006,0,0.0,0.1428571428571428,4926.66,0,0.10468025046407202
ACC100573,0.0,0.2606213320856299,0,0.0,0.0,877.19,0,0.10424853283425195
ACC100568,0.0,0.25992233553719407,0,2.0,0.0526315789473684,979.2,0,0.10396893421487763
ACC100630,0.0,0.25954085772761637,0,2.0,0.0,830.03,0,0.10381634309104655
ACC100466,0.0,0.2583710956638343,0,1.0,0.0,1227.17,0,0.10334843826553373
ACC100503,0.006666666666666667,0.24783481672271265,0,3.0,0.0,872.03,0,0.10313392668908507
ACC100252,0.0,0.2550518749209392,0,2.0,0.125,2616.24,0,0.10202074996837569
ACC100792,0.0033333333333333335,0.24920384928062791,0,3.0,0.1111111111111111,1706.96,0,0.10168153971225118
ACC100170,0.03333333333333333,0.20386337434657312,0,0.0,0.0,653.83,0,0.10154534973862926
ACC100762,0.013333333333333334,0.23376461151906516,0,3.0,0.0909090909090909,1079.46,0,0.10150584460762607
ACC100223,0.01,0.23814893245192978,0,0.0,0.1538461538461538,2761.04,0,0.10125957298077193
ACC100155,0.0033333333333333335,0.24778941406228713,0,1.0,0.1111111111111111,1845.06,0,0.10111576562491487
ACC100068,0.0,0.2505904349791515,0,1.0,0.1666666666666666,694.98,0,0.10023617399166061
ACC100060,0.013333333333333334,0.2293206042149057,0,0.0,0.0416666666666666,2595.5,0,0.09972824168596228
ACC100431,0.0033333333333333335,0.24269440550059537,0,1.0,0.04,2684.73,0,0.09907776220023816
ACC100622,0.0,0.24740000003001603,0,2.0,0.05,749.12,0,0.09896000001200642
ACC100668,0.0,0.24659218194769297,0,1.0,0.04,812.96,0,0.09863687277907719
ACC100164,0.0,0.24600465137170283,0,1.0,0.2142857142857142,974.91,0,0.09840186054868114
ACC100539,0.01,0.23091371418491735,0,0.0,0.0,5193.12,0,0.09836548567396695
ACC100213,0.01,0.2296143680082206,0,1.0,0.0,473.63,0,0.09784574720328826
ACC100764,0.009797619047619046,0.22921407537209693,0,1.0,0.0,2275.42,0,0.0975642015774102
ACC100214,0.0,0.24353296155362733,0,0.0,0.0,935.15,0,0.09741318462145093
ACC100744,0.0,0.24288570544756277,0,1.0,0.2307692307692307,2854.36,0,0.09715428217902511
ACC100610,0.0,0.24093395925077632,0,2.0,0.0526315789473684,1499.92,0,0.09637358370031053
ACC100763,0.0,0.2406951393454206,0,2.0,0.0,2827.97,0,0.09627805573816825
ACC100089,0.0,0.23887832516660956,0,1.0,0.0,1970.71,0,0.09555133006664383
ACC100445,0.009895641497851443,0.2210339191420823,0,1.0,0.1818181818181818,3894.74,0,0.0943509525555438
ACC100469,0.0,0.23559485440720335,0,0.0,0.0,953.03,0,0.09423794176288135
ACC100182,0.0,0.23530386665160383,0,1.0,0.1666666666666666,1487.99,0,0.09412154666064154
ACC100777,0.0,0.23489159605076335,0,0.0,0.0,870.16,0,0.09395663842030534
ACC100735,0.0,0.23460951163664692,0,1.0,0.0,1251.93,0,0.09384380465465877
ACC100193,0.0,0.23450501634455356,0,0.0,0.1333333333333333,2054.26,0,0.09380200653782143
ACC100294,0.0,0.23312586557083703,0,0.0,0.0,697.45,0,0.09325034622833482
ACC100457,0.0,0.23305571468564024,0,0.0,0.125,2062.79,0,0.0932222858742561
ACC100105,0.03333333333333333,0.18302562662443242,0,0.0,0.0588235294117647,3200.5,0,0.09321025064977298
ACC100670,0.0,0.23197805140495206,0,0.0,0.1875,2835.08,0,0.09279122056198083
ACC100388,0.0033333333333333335,0.22691173288324598,0,0.0,0.1428571428571428,2425.97,0,0.0927646931532984
ACC100703,0.0,0.23122910946300138,0,2.0,0.15,1422.73,0,0.09249164378520056
ACC100358,0.0,0.23114205508101274,0,0.0,0.2142857142857142,1411.98,0,0.0924568220324051
ACC100715,0.0,0.2303796159609463,0,2.0,0.1333333333333333,1469.61,0,0.09215184638437852
ACC100096,0.006666666666666667,0.21995498104270142,0,0.0,0.0833333333333333,1092.57,0,0.09198199241708058
ACC100262,0.0,0.22891243281937254,0,1.0,0.05,1435.31,0,0.09156497312774903
ACC100672,0.0,0.22642211747100832,0,2.0,0.0,2623.24,0,0.09056884698840334
ACC100538,0.0,0.22544447183278435,0,1.0,0.0476190476190476,2141.13,0,0.09017778873311375
ACC100066,0.0,0.22463484413120594,0,0.0,0.2142857142857142,709.71,0,0.08985393765248238
ACC100296,0.0,0.22284093375337427,0,0.0,0.0,1292.44,0,0.08913637350134972
ACC100111,0.0033333333333333335,0.21743090385998098,0,1.0,0.0,3249.72,0,0.0889723615439924
ACC100087,0.0,0.22089492980465436,0,1.0,0.0666666666666666,801.44,0,0.08835797192186175
ACC100024,0.0,0.22052123580893226,0,2.0,0.0625,1207.66,0,0.08820849432357292
ACC100566,0.0,0.21969984297782794,0,0.0,0.1818181818181818,2000.88,0,0.08787993719113119
ACC100097,0.0,0.2190419620532457,0,1.0,0.0,915.4,0,0.08761678482129828
ACC100785,0.0,0.21876365036605047,0,1.0,0.1666666666666666,735.37,0,0.08750546014642019
ACC100309,0.0,0.21811011908494146,0,2.0,0.1,1153.63,0,0.08724404763397658
ACC100362,0.006666666666666667,0.20796744303891995,0,0.0,0.1176470588235294,2526.4,0,0.08718697721556799
ACC100421,0.0,0.21709240394190538,0,1.0,0.1052631578947368,2250.2,0,0.08683696157676216
ACC100694,0.0,0.21702072605683284,0,2.0,0.0,1310.45,0,0.08680829042273314
ACC100173,0.0,0.2167673981802061,0,1.0,0.1,2030.58,0,0.08670695927208244
ACC100349,0.0,0.2156021218355923,0,2.0,0.0666666666666666,1557.37,0,0.08624084873423693
ACC100732,0.0,0.21537043608179915,0,2.0,0.0,979.34,0,0.08614817443271966
ACC100069,0.0,0.21467727288271288,0,1.0,0.0,1372.75,0,0.08587090915308515
ACC100267,0.0,0.21389859356781654,0,0.0,0.0,2018.55,0,0.08555943742712663
ACC100055,0.0,0.21270146856025027,0,2.0,0.08,1500.43,0,0.08508058742410012
ACC100156,0.006666666666666667,0.20269496690948843,0,1.0,0.1363636363636363,1816.02,0,0.08507798676379538
ACC100189,0.0,0.21253417080471892,0,1.0,0.0526315789473684,2564.26,0,0.08501366832188757
ACC100152,0.0,0.2116797484505257,0,0.0,0.0526315789473684,1005.91,0,0.08467189938021029
ACC100522,0.0,0.2102299099633192,0,0.0,0.0384615384615384,1607.54,0,0.08409196398532769
ACC100116,0.0,0.20944254880437363,0,0.0,0.0,852.83,0,0.08377701952174946
ACC100489,0.0,0.20870266308419616,0,0.0,0.2142857142857142,969.13,0,0.08348106523367847
ACC100518,0.0,0.20868486271257305,0,0.0,0.0,1479.31,0,0.08347394508502923
ACC100159,0.0,0.20854681013308737,0,0.0,0.1,1717.02,0,0.08341872405323496
ACC100416,0.0,0.20852969510534405,0,2.0,0.0555555555555555,3977.41,0,0.08341187804213762
ACC100700,0.0,0.2080176003552481,0,0.0,0.1176470588235294,1379.29,0,0.08320704014209925
ACC100738,0.0,0.20724818564418623,0,2.0,0.0,2237.38,0,0.0828992742576745
ACC100391,0.0033333333333333335,0.20216406825450237,0,2.0,0.0555555555555555,1144.77,0,0.08286562730180096
ACC100590,0.0,0.2067579238628774,0,2.0,0.0666666666666666,806.91,0,0.08270316954515096
ACC100246,0.0,0.2059131909801908,0,0.0,0.0,1255.96,0,0.08236527639207633
ACC100341,0.0,0.2054346970097679,0,0.0,0.0909090909090909,1621.04,0,0.08217387880390717
ACC100003,0.0,0.20480641146722597,0,0.0,0.0526315789473684,806.82,0,0.0819225645868904
ACC100623,0.0,0.20432162822534117,0,2.0,0.0555555555555555,1018.05,0,0.08172865129013647
ACC100536,0.0,0.20407987605239725,0,1.0,0.0,917.59,0,0.0816319504209589
ACC100592,0.0,0.20382870375493847,0,2.0,0.0,1666.83,0,0.0815314815019754
ACC100337,0.0,0.20345940114326444,0,1.0,0.0714285714285714,547.65,0,0.08138376045730578
ACC100120,0.0,0.2028651117611278,0,1.0,0.05,3707.87,0,0.08114604470445112
ACC100657,0.0,0.20104692300926197,0,0.0,0.1428571428571428,2979.95,0,0.08041876920370479
ACC100635,0.0,0.20092489953119588,0,2.0,0.0,972.12,0,0.08036995981247835
ACC100110,0.0,0.1988690539130309,0,2.0,0.0,561.35,0,0.07954762156521236
ACC100117,0.0,0.19879860760074303,0,1.0,0.0,1525.64,0,0.07951944304029722
ACC100579,0.0,0.1985603040134442,0,0.0,0.0,772.09,0,0.07942412160537769
ACC100752,0.0,0.1965763319169245,0,1.0,0.0,937.51,0,0.0786305327667698
ACC100683,0.0,0.1958275138948197,0,0.0,0.0,613.0,0,0.07833100555792788
ACC100154,0.0,0.19555520775194948,0,1.0,0.0714285714285714,832.21,0,0.0782220831007798
ACC100037,0.0,0.19515742992460097,0,0.0,0.0869565217391304,756.88,0,0.0780629719698404
ACC100070,0.0,0.1934547430264435,0,2.0,0.0769230769230769,975.84,0,0.07738189721057741
ACC100157,0.0,0.19310461544981283,0,0.0,0.0,2197.17,0,0.07724184617992513
ACC100208,0.0,0.19242158648524557,0,2.0,0.0476190476190476,2355.83,0,0.07696863459409824
ACC100742,0.0,0.19225795148280425,0,1.0,0.1052631578947368,1948.62,0,0.0769031805931217
ACC100264,0.0,0.19146883453572536,0,2.0,0.0666666666666666,1698.21,0,0.07658753381429015
ACC100559,0.0,0.19070393635463917,0,0.0,0.125,2059.63,0,0.07628157454185568
ACC100591,0.0,0.1899389876015954,0,1.0,0.15,1329.59,0,0.07597559504063817
ACC100166,0.013333333333333334,0.16936320796672477,0,1.0,0.0,5058.81,0,0.07574528318668991
ACC100046,0.0,0.18908732138799664,0,0.0,0.0909090909090909,856.47,0,0.07563492855519865
ACC100210,0.0,0.18796912573534316,0,0.0,0.0588235294117647,2197.53,0,0.07518765029413726
ACC100025,0.0,0.18784831668358556,0,1.0,0.0,893.9,0,0.07513932667343423
ACC100640,0.0,0.18762003664195756,0,0.0,0.0,703.64,0,0.07504801465678303
ACC100526,0.0,0.18753519342346564,0,0.0,0.0,1224.04,0,0.07501407736938626
ACC100248,0.0,0.18751255810249048,0,0.0,0.0,1734.75,0,0.0750050232409962
ACC100456,0.0,0.18718654743863195,0,0.0,0.0,2092.28,0,0.07487461897545278
ACC100417,0.0,0.18691425342392384,0,0.0,0.1764705882352941,1016.21,0,0.07476570136956955
ACC100185,0.0,0.18676646672935396,0,0.0,0.2,739.02,0,0.07470658669174159
ACC100283,0.0,0.1862919698857521,0,0.0,0.0833333333333333,1951.16,0,0.07451678795430085
ACC100475,0.0,0.18600588395777584,0,0.0,0.0,2557.15,0,0.07440235358311034
ACC100175,0.0,0.18575889595066186,0,1.0,0.1666666666666666,956.29,0,0.07430355838026474
ACC100307,0.0,0.1855229806389248,0,1.0,0.0909090909090909,1017.57,0,0.07420919225556992
ACC100144,0.0,0.18516652880575277,0,0.0,0.0,1458.45,0,0.07406661152230111
ACC100743,0.0,0.1839852904098783,0,0.0,0.1875,1653.02,0,0.07359411616395133
ACC100509,0.0,0.1838384827293138,0,2.0,0.0,1351.25,0,0.07353539309172552
ACC100410,0.0,0.18377518493087183,0,2.0,0.0,1157.96,0,0.07351007397234874
ACC100000,0.0,0.18359979178984984,0,1.0,0.125,977.97,0,0.07343991671593994
ACC100136,0.0,0.18320059743849768,0,0.0,0.0588235294117647,1319.89,0,0.07328023897539908
ACC100467,0.0,0.18304128666390918,0,0.0,0.0,807.6,0,0.07321651466556367
ACC100422,0.0,0.18254152796504636,0,0.0,0.0,927.06,0,0.07301661118601854
ACC100413,0.0,0.18250714749566888,0,0.0,0.0769230769230769,684.51,0,0.07300285899826756
ACC100242,0.0,0.18057607906154133,0,1.0,0.0952380952380952,1192.74,0,0.07223043162461654
ACC100015,0.0,0.18003466670143867,0,1.0,0.1111111111111111,1466.4,0,0.07201386668057547
ACC100491,0.0,0.17942278774735976,0,0.0,0.0,1375.51,0,0.0717691150989439
ACC100453,0.0,0.17923565823790227,0,0.0,0.0,1618.17,0,0.07169426329516092
ACC100728,0.0,0.17921073721779385,0,1.0,0.0,1798.94,0,0.07168429488711754
ACC100576,0.0031309523809523805,0.17392167385577934,0,0.0,0.05,2413.24,0,0.07144724097088316
ACC100419,0.0031309523809523805,0.17373019778855647,0,1.0,0.0833333333333333,3024.52,0,0.07137065054399401
ACC100364,0.0,0.178021859703181,0,0.0,0.1875,1176.69,0,0.0712087438812724
ACC100179,0.0,0.17788240445333883,0,0.0,0.05,1573.25,0,0.07115296178133554
ACC100373,0.0,0.1773994574846704,0,1.0,0.0,1809.57,0,0.07095978299386817
ACC100656,0.0033333333333333335,0.1722702899006029,0,0.0,0.2,1834.48,0,0.07090811596024116
ACC100201,0.0,0.1771995853650274,0,0.0,0.0,1780.06,0,0.07087983414601096
ACC100277,0.006666666666666667,0.1666476731152843,0,1.0,0.0909090909090909,3270.35,0,0.07065906924611373
ACC100192,0.0,0.17549818944096113,0,0.0,0.0,1063.43,0,0.07019927577638445
ACC100658,0.0,0.1754366174612836,0,1.0,0.0,1375.87,0,0.07017464698451345
ACC100253,0.0,0.17520869202904257,0,1.0,0.1,734.65,0,0.07008347681161703
ACC100619,0.0,0.1751592503166758,0,1.0,0.0,1762.47,0,0.07006370012667033
ACC100782,0.0,0.17460773520132694,0,0.0,0.0,946.19,0,0.06984309408053078
ACC100460,0.0,0.1739563501081245,0,0.0,0.0666666666666666,1011.39,0,0.0695825400432498
ACC100631,0.023333333333333334,0.13847365823894606,0,0.0,0.1428571428571428,492.49,0,0.06938946329557842
ACC100374,0.0,0.17341037867909453,0,1.0,0.0714285714285714,1439.19,0,0.06936415147163781
ACC100012,0.0,0.17305315088636541,0,1.0,0.0909090909090909,1033.47,0,0.06922126035454616
ACC100407,0.0,0.17275687750627258,0,0.0,0.0,802.33,0,0.06910275100250904
ACC100114,0.0,0.17182014438437748,0,0.0,0.0,1305.65,0,0.068728057753751
ACC100537,0.0,0.1713189088939341,0,0.0,0.0,1548.06,0,0.06852756355757365
ACC100247,0.0033333333333333335,0.16606766517164367,0,1.0,0.0,3685.45,0,0.06842706606865748
ACC100336,0.0,0.17100266371468678,0,0.0,0.1052631578947368,630.19,0,0.06840106548587471
ACC100161,0.0,0.1705807141993185,0,1.0,0.0,1963.45,0,0.0682322856797274
ACC100099,0.006464285714285713,0.16070653844830846,0,2.0,0.0,2150.29,0,0.0681611868078948
ACC100679,0.0,0.17019596561369651,0,1.0,0.0454545454545454,839.44,0,0.06807838624547861
ACC100034,0.01,0.1544863092016706,0,1.0,0.0,3674.26,0,0.06779452368066825
ACC100533,0.0,0.16942333079830618,0,2.0,0.0952380952380952,945.38,0,0.06776933231932247
ACC100478,0.0,0.1681083413752499,0,0.0,0.0588235294117647,1400.07,0,0.06724333655009997
ACC100404,0.0,0.16689536902108631,0,0.0,0.1176470588235294,1544.45,0,0.06675814760843453
ACC100176,0.0,0.16675863769303098,0,0.0,0.0,974.98,0,0.0667034550772124
ACC100171,0.0,0.16641663307341442,0,0.0,0.1176470588235294,2826.34,0,0.06656665322936577
ACC100036,0.0,0.16641274292556152,0,2.0,0.0,1086.16,0,0.06656509717022462
ACC100629,0.0,0.16605074929706168,0,1.0,0.0,1974.73,0,0.06642029971882467
ACC100616,0.0,0.16587210252195597,0,1.0,0.0,1450.27,0,0.0663488410087824
ACC100260,0.0,0.16572019828787515,0,0.0,0.0434782608695652,2909.35,0,0.06628807931515006
ACC100480,0.0,0.16560982338275604,0,2.0,0.05,899.94,0,0.06624392935310242
ACC100008,0.0,0.1642059824001709,0,1.0,0.0476190476190476,1430.05,0,0.06568239296006836
ACC100250,0.0,0.16180118022989184,0,1.0,0.2,1299.19,0,0.06472047209195674
ACC100760,0.0,0.16162745344487253,0,0.0,0.1666666666666666,1779.47,0,0.06465098137794902
ACC100430,0.0,0.16068633811783034,0,1.0,0.0,1021.69,0,0.06427453524713214
ACC100371,0.0,0.1603649113716819,0,0.0,0.0,1987.32,0,0.06414596454867276
ACC100476,0.0,0.16009237350216113,0,0.0,0.1,648.71,0,0.06403694940086445
ACC100799,0.0,0.15887538750143354,0,1.0,0.1538461538461538,851.79,0,0.06355015500057341
ACC100580,0.01,0.14319987498398684,0,1.0,0.1111111111111111,4721.56,0,0.06327994999359474
ACC100088,0.0,0.15811109296472106,0,0.0,0.1,1683.7,0,0.06324443718588843
ACC100125,0.0,0.1574335092566252,0,2.0,0.125,750.68,0,0.06297340370265007
ACC100325,0.0,0.15716272425233493,0,0.0,0.0714285714285714,2617.18,0,0.06286508970093398
ACC100255,0.0,0.15679753046915682,0,1.0,0.0,1474.57,0,0.06271901218766272
ACC100554,0.0,0.15665941157929478,0,0.0,0.15,1152.26,0,0.06266376463171791
ACC100377,0.0,0.15665050824666002,0,0.0,0.1818181818181818,1306.9,0,0.06266020329866401
ACC100367,0.0,0.15504995335663702,0,2.0,0.0,1326.1,0,0.06201998134265481
ACC100245,0.0,0.15394282680102786,0,1.0,0.0,1114.04,0,0.06157713072041115
ACC100220,0.0,0.15357129426961502,0,2.0,0.0,1312.24,0,0.06142851770784601
ACC100129,0.0,0.1529654727506725,0,2.0,0.0,1093.59,0,0.061186189100268996
ACC100671,0.0,0.15292640785335543,0,0.0,0.1764705882352941,1738.6,0,0.06117056314134217
ACC100448,0.0,0.15223946950568162,0,2.0,0.0666666666666666,541.31,0,0.06089578780227265
ACC100597,0.0,0.15169512536686197,0,0.0,0.04,1440.44,0,0.060678050146744794
ACC100794,0.0,0.15105222865629886,0,0.0,0.125,1471.09,0,0.06042089146251955
ACC100739,0.0,0.1508837481020635,0,2.0,0.0714285714285714,1619.57,0,0.060353499240825406
ACC100542,0.0,0.15062487870136743,0,0.0,0.0769230769230769,1727.05,0,0.06024995148054697
ACC100363,0.0,0.1501019395064297,0,0.0,0.0,1648.37,0,0.06004077580257188
ACC100381,0.0,0.15006877197101082,0,0.0,0.0,2110.82,0,0.06002750878840433
ACC100713,0.0033333333333333335,0.14476411501208875,0,0.0,0.0,3026.41,0,0.0599056460048355
ACC100726,0.0,0.1488658151105595,0,1.0,0.0,1379.52,0,0.0595463260442238
ACC100675,0.0033333333333333335,0.14322764184701126,0,1.0,0.125,821.4,0,0.059291056738804505
ACC100353,0.0,0.1482006089161983,0,0.0,0.0555555555555555,1660.72,0,0.05928024356647932
ACC100280,0.0,0.14756854389431348,0,2.0,0.0625,1251.85,0,0.05902741755772539
ACC100317,0.0033333333333333335,0.14243981192936114,0,1.0,0.0666666666666666,3330.34,0,0.05897592477174446
ACC100022,0.0,0.14740924704073244,0,2.0,0.0,1322.16,0,0.05896369881629298
ACC100140,0.0,0.147309925629377,0,2.0,0.0588235294117647,959.7,0,0.05892397025175081
ACC100343,0.0,0.147030903387297,0,0.0,0.1666666666666666,781.37,0,0.058812361354918796
ACC100057,0.0,0.14616074789949407,0,0.0,0.0,1298.3,0,0.05846429915979763
ACC100303,0.0,0.14603751116410013,0,0.0,0.0714285714285714,1349.89,0,0.058415004465640054
ACC100418,0.0,0.14502540735426794,0,2.0,0.0,968.33,0,0.05801016294170718
ACC100436,0.0,0.1449626153791146,0,1.0,0.0,976.01,0,0.05798504615164584
ACC100293,0.0,0.14469031563852064,0,1.0,0.0,2187.61,0,0.05787612625540826
ACC100234,0.0,0.14464803166864973,0,0.0,0.0,2456.91,0,0.05785921266745989
ACC100516,0.0,0.14456503716378727,0,0.0,0.0769230769230769,1931.31,0,0.05782601486551491
ACC100233,0.0,0.1445335484894985,0,1.0,0.0625,472.73,0,0.057813419395799405
ACC100513,0.0,0.14450565848452215,0,0.0,0.0,1559.08,0,0.05780226339380887
ACC100695,0.0,0.14398536402161813,0,0.0,0.0,910.19,0,0.05759414560864726
ACC100628,0.0,0.1436769043732307,0,1.0,0.0,1122.31,0,0.057470761749292276
ACC100058,0.0,0.14211880902040994,0,0.0,0.0,743.99,0,0.056847523608163975
ACC100035,0.0,0.1417140684963108,0,1.0,0.1052631578947368,3231.33,0,0.05668562739852432
ACC100078,0.0033333333333333335,0.13656284822787543,0,0.0,0.0,2594.88,0,0.05662513929115018
ACC100564,0.0,0.1414453103775178,0,1.0,0.0,927.39,0,0.05657812415100713
ACC100319,0.0031309523809523805,0.13673159712373464,0,1.0,0.0,2292.85,0,0.05657121027806529
ACC100499,0.0,0.14135571079141745,0,0.0,0.0,1162.04,0,0.056542284316566986
ACC100505,0.0,0.14091476595165245,0,0.0,0.0,1726.2,0,0.05636590638066098
ACC100361,0.0,0.14087555345875796,0,0.0,0.0,1640.65,0,0.056350221383503186
ACC100442,0.0,0.14043025267423354,0,0.0,0.0,1204.8,0,0.05617210106969342
ACC100124,0.0,0.14039250556733487,0,1.0,0.0,1919.73,0,0.056157002226933955
ACC100691,0.0,0.1403252246858063,0,0.0,0.125,1132.62,0,0.056130089874322525
ACC100224,0.0,0.14019322386071453,0,2.0,0.0,1200.18,0,0.05607728954428581
ACC100232,0.0,0.14019152157077958,0,1.0,0.0,2141.91,0,0.05607660862831183
ACC100029,0.0,0.1401794378973324,0,0.0,0.15,733.25,0,0.05607177515893296
ACC100599,0.0,0.1398803405144783,0,0.0,0.0,558.37,0,0.05595213620579133
ACC100758,0.0,0.1396333989230897,0,2.0,0.0833333333333333,1540.89,0,0.055853359569235886
ACC100001,0.0,0.13920521868222976,0,1.0,0.1111111111111111,1617.04,0,0.05568208747289191
ACC100484,0.0,0.13913697594577756,0,0.0,0.0,1505.01,0,0.05565479037831103
ACC100463,0.0,0.13897991882422042,0,2.0,0.0714285714285714,565.58,0,0.055591967529688174
ACC100515,0.0,0.13846724160432752,0,2.0,0.0,1452.86,0,0.055386896641731014
ACC100577,0.0,0.13819575822622546,0,1.0,0.1,2075.16,0,0.05527830329049019
ACC100757,0.0,0.13727980937489606,0,0.0,0.0714285714285714,1473.2,0,0.05491192374995843
ACC100798,0.0,0.13727385283124133,0,0.0,0.05,1783.53,0,0.054909541132496534
ACC100271,0.0,0.1370663128150408,0,1.0,0.05,1420.71,0,0.05482652512601632
ACC100411,0.0,0.13664859049137126,0,0.0,0.0,932.48,0,0.054659436196548505
ACC100741,0.0,0.13664260963207217,0,0.0,0.0,826.68,0,0.05465704385282887
ACC100482,0.0,0.13581703664655292,0,0.0,0.0,1809.86,0,0.05432681465862117
ACC100031,0.0033333333333333335,0.13066642738439893,0,0.0,0.0,3362.55,0,0.05426657095375958
ACC100585,0.0,0.13541167127734463,0,0.0,0.0,2488.57,0,0.054164668510937854
ACC100674,0.0,0.13521843265825398,0,0.0,0.1578947368421052,1729.71,0,0.054087373063301594
ACC100552,0.0,0.13498078331804236,0,2.0,0.0714285714285714,907.87,0,0.05399231332721695
ACC100335,0.0,0.1347789243025565,0,0.0,0.0,918.32,0,0.0539115697210226
ACC100776,0.0,0.1345608777468631,0,2.0,0.0,698.57,0,0.05382435109874524
ACC100771,0.0,0.13427222127814298,0,0.0,0.0,1020.85,0,0.05370888851125719
ACC100427,0.0,0.13414354094902925,0,1.0,0.0,1851.42,0,0.0536574163796117
ACC100194,0.0,0.13410701436462807,0,0.0,0.0,1244.73,0,0.05364280574585123
ACC100654,0.0,0.1335657325635596,0,0.0,0.0,1410.94,0,0.05342629302542384
ACC100756,0.0,0.13349459655564477,0,1.0,0.05,590.42,0,0.053397838622257915
ACC100506,0.0,0.13304613352623113,0,1.0,0.1111111111111111,2127.07,0,0.05321845341049245
ACC100130,0.0033333333333333335,0.1273794368824284,0,0.0,0.0,2993.27,0,0.05295177475297136
ACC100789,0.0,0.13217260519039914,0,0.0,0.0,1799.34,0,0.05286904207615966
ACC100558,0.0,0.13210545045419966,0,0.0,0.1538461538461538,1393.05,0,0.05284218018167987
ACC100011,0.0,0.13183132435059253,0,1.0,0.0769230769230769,733.1,0,0.05273252974023701
ACC100642,0.0,0.13155877001587307,0,2.0,0.0,1078.04,0,0.05262350800634923
ACC100666,0.0,0.131202931219644,0,0.0,0.0909090909090909,1149.27,0,0.0524811724878576
ACC100149,0.0,0.1311923241338054,0,0.0,0.0,565.26,0,0.052476929653522165
ACC100561,0.0,0.1310163781830181,0,2.0,0.0833333333333333,858.67,0,0.05240655127320724
ACC100501,0.0,0.1305817653124367,0,0.0,0.05,707.17,0,0.05223270612497469
ACC100532,0.0,0.13013027189535828,0,0.0,0.0,1226.69,0,0.05205210875814331
ACC100636,0.0,0.13010738484936082,0,0.0,0.2,1445.36,0,0.052042953939744334
ACC100575,0.0,0.12978217836787245,0,0.0,0.125,1258.03,0,0.05191287134714898
ACC100598,0.0,0.12951047529938567,0,0.0,0.1052631578947368,1077.37,0,0.05180419011975427
ACC100145,0.0,0.12885536657914143,0,0.0,0.0,1029.56,0,0.05154214663165657
ACC100534,0.0,0.12875261495657578,0,1.0,0.0,1361.0,0,0.05150104598263031
ACC100083,0.0,0.12842332263000716,0,1.0,0.0555555555555555,785.21,0,0.051369329052002866
ACC100400,0.0,0.128338148675877,0,2.0,0.1333333333333333,869.5,0,0.05133525947035081
ACC100767,0.0,0.12804891521496367,0,0.0,0.0,2554.22,0,0.05121956608598547
ACC100002,0.0,0.1275499377902592,0,1.0,0.1578947368421052,1076.45,0,0.05101997511610368
ACC100485,0.0033333333333333335,0.12250730655782965,0,1.0,0.0666666666666666,2138.46,0,0.051002922623131865
ACC100380,0.0,0.12700393875016197,0,1.0,0.0,785.81,0,0.05080157550006479
ACC100707,0.0,0.12697366956542414,0,1.0,0.1111111111111111,1456.1,0,0.05078946782616966
ACC100493,0.0,0.12674878950478347,0,1.0,0.0909090909090909,573.96,0,0.05069951580191339
ACC100366,0.0,0.1267280958750985,0,0.0,0.1111111111111111,1568.98,0,0.05069123835003941
ACC100217,0.0,0.12671929339847768,0,0.0,0.1111111111111111,1059.24,0,0.05068771735939107
ACC100138,0.0033333333333333335,0.12154864802441,0,0.0,0.0,3540.58,0,0.050619459209764
ACC100172,0.0,0.12639809008454939,0,0.0,0.1428571428571428,1282.06,0,0.05055923603381976
ACC100039,0.0,0.12617698167093702,0,1.0,0.0476190476190476,1066.63,0,0.050470792668374814
ACC100483,0.0,0.12607980977518576,0,2.0,0.0,2621.41,0,0.05043192391007431
ACC100004,0.0,0.1258256417941073,0,0.0,0.05,1418.02,0,0.05033025671764292
ACC100471,0.0,0.12537521439961904,0,0.0,0.125,2296.32,0,0.05015008575984762
ACC100080,0.0,0.12527444574501634,0,0.0,0.1818181818181818,1053.37,0,0.05010977829800654
ACC100102,0.0,0.12508674649487056,0,2.0,0.0714285714285714,2152.11,0,0.05003469859794823
ACC100241,0.0,0.12505644891557496,0,1.0,0.1538461538461538,1748.59,0,0.05002257956622999
ACC100329,0.01,0.10973371392725176,0,1.0,0.0909090909090909,2227.68,0,0.0498934855709007
ACC100355,0.0,0.12466647726341941,0,2.0,0.0714285714285714,1260.66,0,0.04986659090536777
ACC100759,0.0,0.12441067792967749,0,1.0,0.1,585.99,0,0.049764271171870995
ACC100733,0.0,0.12418126317840954,0,1.0,0.0526315789473684,1482.23,0,0.04967250527136382
ACC100749,0.0,0.12413738913651091,0,0.0,0.1,1805.52,0,0.04965495565460437
ACC100101,0.0,0.12401613069996222,0,0.0,0.0952380952380952,1256.73,0,0.04960645227998489
ACC100204,0.0,0.12394188257223963,0,0.0,0.1052631578947368,2789.64,0,0.04957675302889586
ACC100306,0.0,0.12386428681359554,0,1.0,0.0588235294117647,1933.05,0,0.04954571472543822
ACC100109,0.0,0.1238377320979403,0,0.0,0.0833333333333333,3295.56,0,0.04953509283917612
ACC100510,0.0,0.1235729572130704,0,0.0,0.0,2062.27,0,0.049429182885228164
ACC100379,0.0,0.12324769105552794,0,0.0,0.0555555555555555,3041.59,0,0.04929907642221118
ACC100517,0.0,0.1228543925980909,0,1.0,0.0588235294117647,1953.89,0,0.049141757039236365
ACC100402,0.0,0.12242135206889646,0,1.0,0.0,1057.34,0,0.04896854082755858
ACC100044,0.0,0.12225984537838122,0,0.0,0.1538461538461538,875.05,0,0.048903938151352494
ACC100723,0.0,0.12197107768086639,0,0.0,0.1666666666666666,1050.39,0,0.04878843107234656
ACC100565,0.0,0.12163606688332677,0,0.0,0.1111111111111111,849.6,0,0.04865442675333071
ACC100108,0.0,0.12058862771342946,0,1.0,0.0,1018.14,0,0.048235451085371785
ACC100032,0.0,0.12058760852732603,0,0.0,0.0,813.34,0,0.04823504341093041
ACC100701,0.0,0.1205756344324851,0,0.0,0.0833333333333333,1204.22,0,0.048230253772994044
ACC100664,0.0,0.11989769552042721,0,0.0,0.0833333333333333,2483.28,0,0.047959078208170886
ACC100604,0.0,0.119698228252527,0,1.0,0.0,1126.33,0,0.047879291301010804
ACC100215,0.0,0.11949186767741102,0,2.0,0.0769230769230769,1080.9,0,0.04779674707096441
ACC100527,0.0,0.11939183592000441,0,0.0,0.0909090909090909,912.99,0,0.04775673436800176
ACC100567,0.0,0.11922369551138713,0,0.0,0.0526315789473684,901.33,0,0.04768947820455485
ACC100197,0.0,0.11891646313723102,0,1.0,0.0,1492.43,0,0.04756658525489241
ACC100360,0.0,0.11855537716168853,0,0.0,0.0,1439.74,0,0.04742215086467541
ACC100753,0.0,0.11842224409911793,0,0.0,0.1111111111111111,2129.65,0,0.047368897639647176
ACC100441,0.0,0.11828412566989785,0,0.0,0.0,1949.71,0,0.04731365026795914
ACC100523,0.0,0.11823708491757046,0,1.0,0.0,1239.83,0,0.04729483396702819
ACC100584,0.0,0.11771794594197076,0,1.0,0.0,931.34,0,0.0470871783767883
ACC100662,0.0,0.11769434437530803,0,1.0,0.0,992.02,0,0.047077737750123215
ACC100524,0.0,0.11748092430148892,0,0.0,0.0714285714285714,2370.12,0,0.04699236972059557
ACC100492,0.0,0.11730037269898314,0,1.0,0.0,1567.67,0,0.04692014907959326
ACC100119,0.0,0.11727533798237512,0,0.0,0.0,1250.28,0,0.04691013519295005
ACC100225,0.0,0.11718395010087998,0,0.0,0.0,818.94,0,0.046873580040352
ACC100521,0.0,0.11698965448456211,0,1.0,0.125,1188.69,0,0.04679586179382485
ACC100520,0.0,0.11698818959052311,0,0.0,0.0555555555555555,817.61,0,0.046795275836209245
ACC100775,0.0,0.116748473183395,0,0.0,0.1052631578947368,1172.09,0,0.046699389273358004
ACC100429,0.0,0.1166207834605556,0,1.0,0.0,1319.72,0,0.04664831338422224
ACC100716,0.0,0.11656474303465726,0,2.0,0.0526315789473684,1314.02,0,0.046625897213862906
ACC100780,0.0,0.1162852658864592,0,0.0,0.1538461538461538,1259.31,0,0.04651410635458368
ACC100525,0.0,0.1162200695307047,0,0.0,0.0,837.16,0,0.04648802781228188
ACC100257,0.0,0.116121825798331,0,0.0,0.0,1069.01,0,0.0464487303193324
ACC100005,0.0,0.11607624324414713,0,0.0,0.0,1630.5,0,0.04643049729765886
ACC100256,0.0,0.11606644922049711,0,1.0,0.0,880.93,0,0.04642657968819885
ACC100112,0.0,0.11588426305668571,0,1.0,0.1428571428571428,1111.83,0,0.04635370522267429
ACC100330,0.0,0.11557816365309566,0,0.0,0.1111111111111111,1468.85,0,0.04623126546123826
ACC100474,0.0,0.11555932095319711,0,0.0,0.0,2795.97,0,0.04622372838127885
ACC100439,0.0,0.11535402176950948,0,2.0,0.0,1652.39,0,0.046141608707803795
ACC100169,0.0,0.11520868355526702,0,0.0,0.1111111111111111,2473.24,0,0.04608347342210681
ACC100415,0.0,0.11517890993193752,0,0.0,0.1666666666666666,2290.64,0,0.04607156397277501
ACC100389,0.0,0.11487541952882777,0,0.0,0.0666666666666666,1656.1,0,0.045950167811531106
ACC100209,0.0,0.11459060783396822,0,0.0,0.0,1719.97,0,0.04583624313358729
ACC100543,0.0,0.11418800090866563,0,0.0,0.0909090909090909,972.14,0,0.045675200363466256
ACC100462,0.0,0.11349920328193525,0,0.0,0.0,1150.31,0,0.0453996813127741
ACC100634,0.0,0.11343152837043056,0,1.0,0.0952380952380952,785.74,0,0.04537261134817223
ACC100473,0.0,0.11335127298392687,0,2.0,0.0714285714285714,1598.37,0,0.04534050919357075
ACC100470,0.0,0.11284806352259366,0,1.0,0.1176470588235294,2147.88,0,0.04513922540903747
ACC100627,0.0,0.11153801710664593,0,0.0,0.1176470588235294,1066.66,0,0.04461520684265838
ACC100595,0.0,0.11125317533494898,0,1.0,0.0666666666666666,622.91,0,0.044501270133979594
ACC100783,0.0,0.1106974198341509,0,1.0,0.0,911.21,0,0.04427896793366037
ACC100696,0.0,0.11058959523801937,0,0.0,0.1428571428571428,633.37,0,0.04423583809520775
ACC100720,0.0,0.11049139930570648,0,1.0,0.1111111111111111,1060.57,0,0.04419655972228259
ACC100206,0.0,0.11047057656487148,0,0.0,0.0769230769230769,1363.82,0,0.044188230625948594
ACC100512,0.0,0.1103204220903781,0,1.0,0.0,1567.61,0,0.04412816883615124
ACC100103,0.0,0.11001463884080571,0,1.0,0.0,1515.64,0,0.04400585553632229
ACC100632,0.0,0.10973998254824315,0,0.0,0.0833333333333333,1803.94,0,0.04389599301929726
ACC100544,0.0,0.10945379056220939,0,0.0,0.0666666666666666,1244.0,0,0.04378151622488376
ACC100570,0.0,0.10929820928040851,0,1.0,0.0,996.47,0,0.04371928371216341
ACC100229,0.0,0.10915799564934749,0,0.0,0.0526315789473684,630.26,0,0.043663198259738994
ACC100020,0.0,0.10889953163846681,0,1.0,0.125,1035.65,0,0.04355981265538673
ACC100104,0.0,0.10842095088020307,0,0.0,0.0833333333333333,644.58,0,0.04336838035208123
ACC100555,0.0,0.10838376215354226,0,0.0,0.0,2371.8,0,0.043353504861416904
ACC100740,0.0,0.10837519851735074,0,0.0,0.0625,777.79,0,0.0433500794069403
ACC100706,0.0,0.1082249364861784,0,0.0,0.0,2350.98,0,0.04328997459447136
ACC100269,0.0,0.10820714654038142,0,1.0,0.0588235294117647,1639.12,0,0.043282858616152574
ACC100497,0.0,0.10807347159973246,0,1.0,0.0,1717.48,0,0.043229388639892986
ACC100693,0.0,0.10801375653892192,0,0.0,0.0,1295.94,0,0.04320550261556877
ACC100528,0.0,0.10776148571304733,0,0.0,0.0666666666666666,1622.12,0,0.043104594285218935
ACC100722,0.0,0.10757752815606261,0,0.0,0.0,1303.14,0,0.04303101126242505
ACC100399,0.0,0.1070084192960838,0,0.0,0.1176470588235294,1602.44,0,0.04280336771843352
ACC100228,0.0,0.10620393106475047,0,0.0,0.0,1044.96,0,0.04248157242590019
ACC100449,0.0,0.10570078262615022,0,1.0,0.0769230769230769,2249.81,0,0.042280313050460094
ACC100028,0.0,0.10560322063529944,0,0.0,0.0555555555555555,783.8,0,0.042241288254119776
ACC100249,0.0,0.10536260498672917,0,1.0,0.0,1599.78,0,0.04214504199469167
ACC100321,0.0,0.10532521744865565,0,0.0,0.0909090909090909,3031.91,0,0.042130086979462265
ACC100649,0.0,0.10520356512140253,0,0.0,0.0,1175.46,0,0.042081426048561014
ACC100786,0.0,0.1048585325716756,0,1.0,0.1176470588235294,1292.44,0,0.041943413028670246
ACC100596,0.0,0.10462404598996763,0,1.0,0.0,2459.63,0,0.041849618395987054
ACC100681,0.0,0.10451179585439355,0,1.0,0.0,1794.46,0,0.04180471834175742
ACC100390,0.0,0.10436772831895971,0,0.0,0.0,2773.77,0,0.04174709132758389
ACC100676,0.0033333333333333335,0.0992911419225315,0,1.0,0.0,2947.74,0,0.0417164567690126
ACC100702,0.0,0.10409025597808805,0,2.0,0.0909090909090909,1340.01,0,0.04163610239123522
ACC100199,0.0,0.10393368502941233,0,0.0,0.0,663.83,0,0.041573474011764935
ACC100495,0.0,0.10359345920827936,0,0.0,0.1333333333333333,1148.99,0,0.04143738368331175
ACC100611,0.0,0.1035515641364487,0,1.0,0.0555555555555555,1233.13,0,0.041420625654579483
ACC100195,0.0,0.10335786728404935,0,0.0,0.1111111111111111,2140.56,0,0.04134314691361974
ACC100086,0.0,0.10333561443654163,0,1.0,0.0,765.29,0,0.041334245774616654
ACC100160,0.0,0.10290800982410765,0,1.0,0.0,1660.56,0,0.041163203929643066
ACC100637,0.0,0.10282048648105441,0,0.0,0.0476190476190476,2190.15,0,0.041128194592421764
ACC100686,0.0,0.10275685317928629,0,0.0,0.0769230769230769,1364.49,0,0.04110274127171452
ACC100717,0.0,0.10237500678406455,0,1.0,0.0,1531.4,0,0.040950002713625824
ACC100148,0.0,0.10233542885999151,0,0.0,0.0666666666666666,2806.38,0,0.04093417154399661
ACC100043,0.0,0.1022454262554078,0,1.0,0.0,952.9,0,0.04089817050216313
ACC100304,0.0,0.10175329326996557,0,0.0,0.1,849.52,0,0.040701317307986234
ACC100018,0.0,0.10174407155624206,0,0.0,0.0869565217391304,792.66,0,0.040697628622496825
ACC100644,0.0,0.10135113536283129,0,1.0,0.0666666666666666,592.93,0,0.04054045414513252
ACC100655,0.0,0.1012658255079969,0,0.0,0.0,761.96,0,0.040506330203198763
ACC100412,0.0,0.10087950983852904,0,0.0,0.0625,765.51,0,0.04035180393541162
ACC100659,0.0,0.10032112864273171,0,0.0,0.1333333333333333,1916.41,0,0.040128451457092686
ACC100563,0.0,0.09992860400628227,0,2.0,0.0714285714285714,915.93,0,0.03997144160251291
ACC100123,0.0,0.09975905369692495,0,1.0,0.0434782608695652,1084.11,0,0.03990362147876998
ACC100326,0.0,0.09965561202540592,0,0.0,0.0,979.6,0,0.03986224481016237
ACC100365,0.0,0.09956212760733553,0,0.0,0.0,2301.05,0,0.03982485104293421
ACC100019,0.0,0.09944569725541563,0,0.0,0.125,1070.5,0,0.03977827890216626
ACC100395,0.0,0.09942257941588079,0,0.0,0.0833333333333333,1369.36,0,0.03976903176635232
ACC100761,0.0,0.09934273460626614,0,1.0,0.0,908.71,0,0.039737093842506455
ACC100549,0.0,0.09930502772705885,0,0.0,0.0625,1162.69,0,0.039722011090823545
ACC100338,0.0,0.0989283922208459,0,1.0,0.05,696.19,0,0.03957135688833836
ACC100041,0.0,0.09799550833296539,0,1.0,0.1666666666666666,2704.93,0,0.03919820333318616
ACC100230,0.0,0.09743838802214322,0,0.0,0.0526315789473684,716.57,0,0.03897535520885729
ACC100405,0.0,0.09683460958624981,0,0.0,0.0833333333333333,1926.96,0,0.03873384383449993
ACC100747,0.0,0.09671035139892625,0,0.0,0.0555555555555555,522.26,0,0.03868414055957051
ACC100615,0.0,0.096650080900617,0,1.0,0.0769230769230769,1221.6,0,0.0386600323602468
ACC100261,0.0,0.0963366374686008,0,0.0,0.1052631578947368,2701.33,0,0.038534654987440325
ACC100461,0.0,0.09616980580536548,0,1.0,0.0714285714285714,1071.58,0,0.03846792232214619
ACC100546,0.0,0.09608013877805223,0,1.0,0.0,1339.18,0,0.03843205551122089
ACC100452,0.0,0.09523587999978365,0,0.0,0.1538461538461538,2100.63,0,0.03809435199991346
ACC100731,0.0,0.09516291286540894,0,0.0,0.0,2414.99,0,0.03806516514616358
ACC100332,0.0,0.09515676679459721,0,2.0,0.0714285714285714,1808.59,0,0.03806270671783889
ACC100617,0.0,0.09498191542004313,0,0.0,0.0,793.99,0,0.03799276616801725
ACC100746,0.0,0.09451486053764985,0,0.0,0.0,521.68,0,0.03780594421505994
ACC100572,0.0,0.09447933726294835,0,1.0,0.0588235294117647,1910.24,0,0.03779173490517934
ACC100690,0.0,0.09399573754559533,0,0.0,0.1176470588235294,1539.43,0,0.03759829501823814
ACC100768,0.0,0.09385669405256386,0,0.0,0.1111111111111111,525.47,0,0.03754267762102555
ACC100450,0.0,0.09364396266391868,0,0.0,0.0,1727.86,0,0.03745758506556748
ACC100605,0.0,0.09337391809210638,0,1.0,0.1,1271.53,0,0.03734956723684255
ACC100665,0.0,0.09320961705619338,0,0.0,0.0833333333333333,1470.77,0,0.03728384682247735
ACC100163,0.0,0.09313435577410258,0,0.0,0.0555555555555555,1057.09,0,0.037253742309641034
ACC100725,0.0,0.09292306880102909,0,0.0,0.0,1430.45,0,0.037169227520411637
ACC100724,0.0,0.09284015324596195,0,1.0,0.0,1773.5,0,0.03713606129838478
ACC100699,0.0,0.09195736756937202,0,0.0,0.0714285714285714,807.45,0,0.03678294702774881
ACC100359,0.0,0.09131508495175432,0,0.0,0.0714285714285714,1676.16,0,0.03652603398070173
ACC100781,0.0,0.09131097794863306,0,0.0,0.0,1982.14,0,0.036524391179453226
ACC100487,0.0,0.09126269783393685,0,1.0,0.0526315789473684,1284.07,0,0.036505079133574744
ACC100748,0.0,0.09094732081787145,0,1.0,0.0,2627.18,0,0.036378928327148584
ACC100308,0.0,0.09070813523866589,0,0.0,0.0666666666666666,2541.6,0,0.03628325409546636
ACC100222,0.0,0.09054582127759146,0,1.0,0.1538461538461538,2385.52,0,0.03621832851103659
ACC100477,0.0,0.09047473089645265,0,0.0,0.0833333333333333,1617.42,0,0.03618989235858106
ACC100127,0.0,0.09024979930861213,0,0.0,0.0769230769230769,1263.75,0,0.036099919723444854
ACC100382,0.0,0.09015117390932875,0,0.0,0.0666666666666666,2311.55,0,0.036060469563731504
ACC100606,0.0,0.08999233078525042,0,1.0,0.0,1039.49,0,0.035996932314100165
ACC100408,0.0,0.0899449880274186,0,1.0,0.125,651.77,0,0.035977995210967444
ACC100648,0.0,0.08975275247382558,0,1.0,0.0,1040.18,0,0.035901100989530234
ACC100689,0.0,0.08973949588559417,0,1.0,0.0555555555555555,591.04,0,0.03589579835423767
ACC100023,0.0,0.0897189220969938,0,0.0,0.0,2317.36,0,0.03588756883879752
ACC100284,0.0,0.08949405646559083,0,0.0,0.0,616.46,0,0.03579762258623633
ACC100769,0.0,0.08927722368780167,0,0.0,0.0476190476190476,1384.08,0,0.03571088947512067
ACC100545,0.0,0.0891870383962169,0,0.0,0.1052631578947368,1564.07,0,0.03567481535848676
ACC100424,0.0033333333333333335,0.08414975975671068,0,0.0,0.0,3491.61,0,0.035659903902684274
ACC100451,0.0,0.08905192625524239,0,0.0,0.0,1153.51,0,0.03562077050209696
ACC100547,0.0,0.08860922818169474,0,1.0,0.0526315789473684,1074.79,0,0.0354436912726779
ACC100684,0.0,0.08857726378350443,0,0.0,0.0555555555555555,528.38,0,0.03543090551340177
ACC100139,0.0,0.08835981994535688,0,0.0,0.1666666666666666,1157.35,0,0.03534392797814275
ACC100135,0.0,0.08773925925816678,0,0.0,0.1538461538461538,1785.57,0,0.035095703703266715
ACC100569,0.0,0.08767286025840716,0,0.0,0.0625,1052.32,0,0.03506914410336286
ACC100181,0.0,0.08765766171318455,0,1.0,0.1111111111111111,1052.06,0,0.03506306468527382
ACC100289,0.0,0.08747098359966377,0,0.0,0.1111111111111111,846.08,0,0.034988393439865505
ACC100692,0.0,0.08742186571112906,0,1.0,0.0714285714285714,898.63,0,0.034968746284451624
ACC100729,0.0,0.08732021973331053,0,0.0,0.0588235294117647,3081.7,0,0.03492808789332421
ACC100221,0.0,0.08702883266151126,0,0.0,0.0,2609.73,0,0.03481153306460451
ACC100244,0.0,0.0868597768937485,0,0.0,0.1176470588235294,1054.21,0,0.034743910757499406
ACC100258,0.0,0.08571221485710206,0,1.0,0.0833333333333333,1887.34,0,0.03428488594284083
ACC100142,0.0,0.08566058170719819,0,0.0,0.0666666666666666,783.67,0,0.03426423268287928
ACC100455,0.0,0.08557496940747472,0,0.0,0.1176470588235294,868.5,0,0.03422998776298989
ACC100443,0.0,0.08543190130054441,0,1.0,0.0769230769230769,1681.37,0,0.03417276052021777
ACC100073,0.0,0.08522548265145181,0,0.0,0.0,1303.03,0,0.034090193060580726
ACC100290,0.0,0.08507431653490544,0,0.0,0.1,1973.4,0,0.034029726613962176
ACC100281,0.0,0.08502675371776519,0,1.0,0.0,1286.96,0,0.034010701487106075
ACC100259,0.0,0.08495786433191618,0,0.0,0.0714285714285714,1814.72,0,0.03398314573276647
ACC100274,0.0,0.08485527608276575,0,0.0,0.0625,1001.21,0,0.0339421104331063
ACC100504,0.0,0.08459338955639065,0,1.0,0.0,1098.96,0,0.03383735582255626
ACC100151,0.0,0.0844648663410953,0,0.0,0.0,1068.67,0,0.03378594653643812
ACC100502,0.0,0.08438080519995392,0,2.0,0.0526315789473684,1262.23,0,0.03375232207998157
ACC100685,0.0,0.0838621729188758,0,0.0,0.1052631578947368,2294.44,0,0.03354486916755032
ACC100100,0.0,0.08301858699688791,0,0.0,0.0588235294117647,1935.62,0,0.03320743479875517
ACC100042,0.0,0.08294851496221388,0,0.0,0.0,2201.08,0,0.03317940598488555
ACC100727,0.0,0.08285593633433591,0,0.0,0.0625,3059.06,0,0.033142374533734364
ACC100420,0.0,0.08226556421671906,0,0.0,0.0,1305.83,0,0.03290622568668763
ACC100231,0.0,0.08216019715824543,0,0.0,0.0,1116.64,0,0.032864078863298174
ACC100486,0.0,0.08184453949056684,0,0.0,0.0,839.72,0,0.03273781579622674
ACC100030,0.0,0.08064674757907245,0,1.0,0.1538461538461538,1901.5,0,0.03225869903162898
ACC100324,0.0,0.0799816009115494,0,1.0,0.1666666666666666,1031.15,0,0.03199264036461976
ACC100045,0.0,0.07983337151906693,0,0.0,0.0,1411.02,0,0.031933348607626776
ACC100081,0.0,0.07969190823597411,0,0.0,0.0,861.14,0,0.03187676329438965
ACC100340,0.0,0.07967896698402244,0,1.0,0.0714285714285714,1010.51,0,0.03187158679360898
ACC100354,0.0,0.07947095065148184,0,0.0,0.0,2257.04,0,0.03178838026059274
ACC100770,0.0,0.07922346177204247,0,0.0,0.0555555555555555,1329.18,0,0.031689384708816985
ACC100680,0.0,0.07888434069562691,0,0.0,0.0,1495.66,0,0.03155373627825077
ACC100737,0.0,0.07852998623495969,0,0.0,0.0,1232.71,0,0.03141199449398387
ACC100342,0.0,0.07842836728223813,0,0.0,0.0833333333333333,685.97,0,0.031371346912895254
ACC100385,0.0,0.07841651291040905,0,0.0,0.0,1073.23,0,0.03136660516416362
ACC100682,0.0,0.07782438757858096,0,0.0,0.0769230769230769,2337.86,0,0.031129755031432383
ACC100459,0.0,0.07781560710718927,0,0.0,0.0,1073.13,0,0.03112624284287571
ACC100678,0.0,0.0776332436211975,0,0.0,0.1111111111111111,1165.12,0,0.031053297448479
ACC100076,0.0,0.07731908680221372,0,1.0,0.0714285714285714,753.24,0,0.03092763472088549
ACC100488,0.0,0.07724878704896117,0,1.0,0.0476190476190476,1698.03,0,0.03089951481958447
ACC100588,0.0,0.07723988265268047,0,1.0,0.0,1342.18,0,0.030895953061072193
ACC100620,0.0,0.07711679432709105,0,0.0,0.0714285714285714,1672.31,0,0.030846717730836422
ACC100772,0.0,0.07704033815511198,0,1.0,0.0625,3041.05,0,0.030816135262044794
ACC100464,0.0,0.07666680916174583,0,0.0,0.0,1508.46,0,0.03066672366469833
ACC100507,0.0,0.07649185742111365,0,1.0,0.1666666666666666,1208.35,0,0.030596742968445462
ACC100423,0.0,0.07567681168491211,0,0.0,0.0,1030.94,0,0.030270724673964845
ACC100432,0.0,0.07561951283756668,0,1.0,0.0588235294117647,3013.54,0,0.030247805135026673
ACC100219,0.0,0.07552317536979984,0,0.0,0.0,1202.68,0,0.030209270147919937
ACC100370,0.0,0.07483621065812025,0,0.0,0.1111111111111111,1741.16,0,0.0299344842632481
ACC100314,0.0,0.07463204481359542,0,0.0,0.0714285714285714,1942.11,0,0.02985281792543817
ACC100013,0.0,0.0740659514206523,0,0.0,0.1333333333333333,974.61,0,0.029626380568260918
ACC100708,0.0,0.07340926360260294,0,0.0,0.0,2315.61,0,0.02936370544104118
ACC100397,0.0,0.07334792363148726,0,1.0,0.1111111111111111,2263.85,0,0.029339169452594904
ACC100472,0.0,0.07287281808020785,0,1.0,0.0833333333333333,1746.28,0,0.02914912723208314
ACC100409,0.0,0.07285601203753879,0,1.0,0.0,1499.5,0,0.029142404815015517
ACC100240,0.0,0.07262020145975488,0,1.0,0.0769230769230769,2075.45,0,0.029048080583901955
ACC100396,0.0,0.07236132686586498,0,1.0,0.0,1503.61,0,0.028944530746345995
ACC100297,0.0,0.07224408894650035,0,0.0,0.0,1087.08,0,0.02889763557860014
ACC100085,0.0,0.0718595138514677,0,0.0,0.0769230769230769,2259.28,0,0.028743805540587083
ACC100730,0.0,0.07166492475752956,0,0.0,0.125,471.23,0,0.028665969903011825
ACC100033,0.0,0.07157841930149843,0,0.0,0.0434782608695652,1376.39,0,0.028631367720599373
ACC100553,0.0,0.0702962062823584,0,1.0,0.0526315789473684,1224.78,0,0.02811848251294336
ACC100660,0.0,0.06949840518437732,0,1.0,0.0,1497.48,0,0.02779936207375093
ACC100243,0.0,0.06935726020907436,0,1.0,0.1428571428571428,867.55,0,0.027742904083629744
ACC100268,0.0,0.06877254096392885,0,1.0,0.0833333333333333,2104.35,0,0.02750901638557154
ACC100652,0.0,0.06872177112760423,0,0.0,0.1538461538461538,1430.55,0,0.027488708451041694
ACC100766,0.0,0.0682844399659954,0,1.0,0.0666666666666666,1251.78,0,0.02731377598639816
ACC100082,0.0,0.067500985723879,0,0.0,0.0588235294117647,870.05,0,0.027000394289551602
ACC100187,0.0,0.0672395582484641,0,1.0,0.0555555555555555,2962.71,0,0.02689582329938564
ACC100266,0.0,0.06713147728098,0,1.0,0.0,1415.92,0,0.026852590912392
ACC100237,0.0,0.06706552703434829,0,0.0,0.0,778.43,0,0.026826210813739315
ACC100333,0.0,0.06701126388283442,0,0.0,0.0,2106.29,0,0.026804505553133767
ACC100490,0.0,0.06629801527060504,0,0.0,0.0666666666666666,1130.36,0,0.026519206108242016
ACC100434,0.0,0.06606616390083789,0,0.0,0.1,1300.72,0,0.026426465560335156
ACC100378,0.0,0.06596624791027125,0,0.0,0.0666666666666666,947.11,0,0.026386499164108502
ACC100202,0.0,0.06582969379405305,0,1.0,0.0,957.52,0,0.026331877517621224
ACC100239,0.0,0.06552295367664963,0,1.0,0.0666666666666666,1522.86,0,0.026209181470659856
ACC100392,0.0,0.06545491981502392,0,0.0,0.0555555555555555,666.3,0,0.02618196792600957
ACC100320,0.0,0.06540897716672266,0,1.0,0.1538461538461538,1524.0,0,0.026163590866689065
ACC100751,0.0,0.06536136698447595,0,0.0,0.0714285714285714,1976.44,0,0.026144546793790382
ACC100021,0.0,0.06524812865496614,0,0.0,0.0833333333333333,1108.67,0,0.026099251461986456
ACC100107,0.0,0.06508917444517882,0,1.0,0.0769230769230769,1694.33,0,0.02603566977807153
ACC100468,0.0,0.06507000392019781,0,1.0,0.1333333333333333,1082.22,0,0.026028001568079124
ACC100787,0.0,0.06495546190973264,0,0.0,0.125,1447.68,0,0.02598218476389306
ACC100275,0.0,0.06489710438166713,0,0.0,0.0588235294117647,1368.39,0,0.025958841752666852
ACC100574,0.0,0.06457031760331772,0,0.0,0.0769230769230769,715.92,0,0.025828127041327087
ACC100126,0.0,0.06391074329086732,0,0.0,0.0,1811.97,0,0.02556429731634693
ACC100312,0.0,0.06342980898700705,0,0.0,0.0,1690.63,0,0.025371923594802823
ACC100207,0.0,0.0632791203463072,0,0.0,0.0526315789473684,1238.39,0,0.02531164813852288
ACC100589,0.0,0.06299609849718134,0,1.0,0.0555555555555555,1898.07,0,0.025198439398872535
ACC100287,0.0,0.06260571434316536,0,1.0,0.0625,2797.34,0,0.02504228573726615
ACC100643,0.0,0.06255678899026586,0,0.0,0.0555555555555555,1555.5,0,0.025022715596106346
ACC100594,0.0,0.06235292737076782,0,0.0,0.0,876.01,0,0.02494117094830713
ACC100790,0.0,0.06150821159742386,0,0.0,0.0666666666666666,2386.08,0,0.024603284638969547
ACC100188,0.0,0.06148081659278943,0,0.0,0.0,988.06,0,0.024592326637115774
ACC100793,0.0,0.061180842349229485,0,1.0,0.0833333333333333,1985.27,0,0.024472336939691794
ACC100205,0.0,0.06114149333351134,0,0.0,0.0714285714285714,2549.11,0,0.024456597333404537
ACC100009,0.0,0.06077261982869681,0,0.0,0.0,1381.88,0,0.024309047931478728
ACC100014,0.0,0.060716787939849415,0,0.0,0.0833333333333333,572.67,0,0.024286715175939767
ACC100773,0.0,0.060288092554873024,0,0.0,0.1428571428571428,1039.61,0,0.02411523702194921
ACC100624,0.0,0.06010378513234031,0,1.0,0.0769230769230769,1958.16,0,0.024041514052936128
ACC100612,0.0,0.05993464541806879,0,1.0,0.0,1852.56,0,0.023973858167227517
ACC100651,0.0,0.05987228162769432,0,0.0,0.0666666666666666,734.14,0,0.02394891265107773
ACC100143,0.0,0.059130474006278945,0,0.0,0.0,2465.38,0,0.02365218960251158
ACC100090,0.0,0.058187512431484255,0,0.0,0.1428571428571428,1904.07,0,0.023275004972593702
ACC100026,0.0,0.05811893934289116,0,1.0,0.0,805.72,0,0.023247575737156467
ACC100238,0.0,0.05782745302612842,0,0.0,0.0,1289.24,0,0.02313098121045137
ACC100006,0.0,0.05708018266768109,0,0.0,0.0,743.31,0,0.02283207306707244
ACC100276,0.0,0.05651301417744441,0,0.0,0.0,1647.22,0,0.022605205670977763
ACC100797,0.0,0.056343241437626,0,0.0,0.1052631578947368,1902.81,0,0.0225372965750504
ACC100710,0.0,0.056075488000896546,0,1.0,0.1,1321.43,0,0.02243019520035862
ACC100398,0.0,0.056035342313609265,0,1.0,0.0833333333333333,1572.55,0,0.02241413692544371
ACC100508,0.0,0.05600814638257704,0,1.0,0.0625,3203.97,0,0.022403258553030818
ACC100479,0.0,0.05565920390188615,0,0.0,0.0909090909090909,1561.74,0,0.022263681560754464
ACC100383,0.0,0.055406430807171475,0,0.0,0.0,1127.35,0,0.02216257232286859
ACC100017,0.0,0.055378278402303416,0,0.0,0.0666666666666666,1237.61,0,0.02215131136092137
ACC100038,0.0,0.0548583364823517,0,0.0,0.0555555555555555,2484.0,0,0.02194333459294068
ACC100571,0.0,0.05466189457224181,0,0.0,0.0833333333333333,1302.3,0,0.021864757828896728
ACC100183,0.0,0.05446147048310673,0,1.0,0.0625,759.61,0,0.021784588193242693
ACC100273,0.0,0.05423200371036241,0,0.0,0.125,1010.35,0,0.021692801484144965
ACC100191,0.0,0.05373123272870886,0,0.0,0.0,1294.95,0,0.021492493091483544
ACC100063,0.0,0.05356511074372935,0,0.0,0.125,1335.35,0,0.02142604429749174
ACC100646,0.0,0.05332597520941945,0,0.0,0.1111111111111111,2062.21,0,0.021330390083767782
ACC100053,0.0,0.05164667706815372,0,0.0,0.0,1141.54,0,0.02065867082726149
ACC100350,0.0,0.05118347220023566,0,1.0,0.0,874.26,0,0.020473388880094267
ACC100007,0.0,0.050939709505846864,0,0.0,0.0769230769230769,1530.34,0,0.02037588380233875
ACC100323,0.0,0.05074680673743074,0,1.0,0.0714285714285714,968.14,0,0.020298722694972297
ACC100626,0.0,0.04992229421048137,0,0.0,0.0625,1360.8,0,0.01996891768419255
ACC100184,0.0,0.04808246185412766,0,0.0,0.0769230769230769,1099.11,0,0.019232984741651065
ACC100796,0.0,0.04792563749578178,0,1.0,0.0,940.35,0,0.01917025499831271
ACC100177,0.0,0.0477908532327339,0,0.0,0.1111111111111111,1993.81,0,0.019116341293093562
ACC100587,0.0,0.04774942162622431,0,1.0,0.0555555555555555,1179.67,0,0.019099768650489724
ACC100094,0.0,0.04751223096935639,0,0.0,0.0769230769230769,1168.31,0,0.019004892387742556
ACC100328,0.0,0.046928540499728284,0,0.0,0.0833333333333333,1680.76,0,0.018771416199891314
ACC100734,0.0,0.046893253569224164,0,0.0,0.0,1315.84,0,0.018757301427689665
ACC100560,0.0,0.04688129712019284,0,1.0,0.0714285714285714,980.01,0,0.018752518848077136
ACC100541,0.0,0.04658870200796007,0,0.0,0.0,989.07,0,0.01863548080318403
ACC100625,0.0,0.04618418058214966,0,0.0,0.0,995.44,0,0.018473672232859863
ACC100498,0.0,0.045581068562766516,0,0.0,0.05,998.89,0,0.01823242742510661
ACC100128,0.0,0.04498268569808853,0,0.0,0.0625,962.16,0,0.017993074279235414
ACC100285,0.0,0.04477115812245164,0,0.0,0.0,1787.15,0,0.017908463248980655
ACC100315,0.0,0.043901266379915024,0,1.0,0.0769230769230769,628.94,0,0.01756050655196601
ACC100095,0.0,0.043848269377501005,0,0.0,0.0,1837.08,0,0.0175393077510004
ACC100121,0.0,0.043117087857718055,0,1.0,0.0,2286.92,0,0.01724683514308722
ACC100669,0.0,0.04236156156525436,0,1.0,0.0476190476190476,863.79,0,0.016944624626101745
ACC100190,0.0,0.04206757821724732,0,1.0,0.0,2197.09,0,0.016827031286898927
ACC100263,0.0,0.04186896500012076,0,0.0,0.0,1265.34,0,0.016747586000048303
ACC100064,0.0,0.04157636124874706,0,0.0,0.0769230769230769,1027.02,0,0.016630544499498825
ACC100040,0.0,0.04137410725156531,0,0.0,0.0,817.3,0,0.016549642900626126
ACC100279,0.0,0.04081979192924424,0,0.0,0.0,929.29,0,0.016327916771697697
ACC100299,0.0,0.04073596442959747,0,1.0,0.0588235294117647,3008.13,0,0.016294385771838987
ACC100048,0.0,0.04005344715470965,0,0.0,0.1111111111111111,1275.69,0,0.01602137886188386
ACC100298,0.0,0.03955636491105334,0,1.0,0.0625,1065.51,0,0.01582254596442134
ACC100721,0.0,0.039532235545529724,0,1.0,0.1111111111111111,1541.13,0,0.01581289421821189
ACC100311,0.0,0.03948015166455135,0,0.0,0.0,1361.74,0,0.01579206066582054
ACC100301,0.0,0.039342295360430504,0,0.0,0.0833333333333333,1403.26,0,0.0157369181441722
ACC100174,0.0,0.03877136112032775,0,0.0,0.0666666666666666,1338.41,0,0.0155085444481311
ACC100047,0.0,0.03805062708072845,0,0.0,0.0,1349.0,0,0.01522025083229138
ACC100200,0.0,0.03804576432107152,0,0.0,0.0666666666666666,1463.6,0,0.015218305728428609
ACC100147,0.0,0.03794505264278501,0,0.0,0.0,1357.32,0,0.015178021057114006
ACC100051,0.0,0.03708047710251089,0,0.0,0.1333333333333333,1356.28,0,0.014832190841004357
ACC100438,0.0,0.037065496939192526,0,0.0,0.0666666666666666,2112.56,0,0.014826198775677011
ACC100712,0.0,0.03686074305688482,0,1.0,0.0714285714285714,894.15,0,0.014744297222753928
ACC100216,0.0,0.03596098188131633,0,1.0,0.0714285714285714,760.82,0,0.014384392752526532
ACC100711,0.0,0.03560603716800831,0,1.0,0.0,1542.74,0,0.014242414867203325
ACC100697,0.0,0.03440565675098432,0,0.0,0.0625,1203.98,0,0.01376226270039373
ACC100122,0.0,0.03349280216517392,0,1.0,0.0526315789473684,1190.8,0,0.013397120866069569
ACC100384,0.0,0.03334484263012673,0,0.0,0.0714285714285714,1632.0,0,0.013337937052050691
ACC100688,0.0,0.033273697891211915,0,1.0,0.0555555555555555,1141.46,0,0.013309479156484767
ACC100795,0.0,0.032952973039570545,0,1.0,0.0625,1681.66,0,0.01318118921582822
ACC100061,0.0,0.03246577482917573,0,1.0,0.0,1217.65,0,0.012986309931670293
ACC100621,0.0,0.031198676384911018,0,1.0,0.0666666666666666,1362.32,0,0.012479470553964409
ACC100062,0.0,0.030564534537166486,0,0.0,0.0769230769230769,1435.88,0,0.012225813814866595
ACC100454,0.0,0.030358176569795534,0,0.0,0.0833333333333333,1866.77,0,0.012143270627918215
ACC100433,0.0,0.029967421082143376,0,1.0,0.0666666666666666,1066.81,0,0.011986968432857351
ACC100115,0.0,0.02818781247484505,0,0.0,0.0833333333333333,1003.69,0,0.01127512498993802
ACC100578,0.0,0.02818445619410216,0,1.0,0.0555555555555555,1517.34,0,0.011273782477640866
ACC100602,0.0,0.02813300267820944,0,1.0,0.0,1325.66,0,0.011253201071283777
ACC100784,0.0,0.027844374375345357,0,0.0,0.0588235294117647,1448.38,0,0.011137749750138143
ACC100393,0.0,0.027056810644629194,0,1.0,0.0666666666666666,1481.95,0,0.010822724257851678
ACC100437,0.0,0.026683579145428776,0,1.0,0.0769230769230769,1734.1,0,0.010673431658171511
ACC100167,0.0,0.026218456670447768,0,0.0,0.0714285714285714,2761.48,0,0.010487382668179107
ACC100292,0.0,0.026124431766873072,0,0.0,0.0714285714285714,1564.27,0,0.01044977270674923
ACC100334,0.0,0.025346829335241218,0,0.0,0.0909090909090909,1715.35,0,0.010138731734096488
ACC100165,0.0,0.02491429826662436,0,1.0,0.0769230769230769,1903.11,0,0.009965719306649745
ACC100254,0.0,0.0248766960382697,0,1.0,0.0833333333333333,1042.83,0,0.009950678415307881
ACC100186,0.0,0.02441183176331682,0,0.0,0.0,1188.71,0,0.00976473270532673
ACC100414,0.0,0.023291646135110103,0,0.0,0.0714285714285714,1682.48,0,0.009316658454044042
ACC100586,0.0,0.023068859100745357,0,1.0,0.0666666666666666,1684.06,0,0.009227543640298144
ACC100093,0.0,0.02257073590085512,0,1.0,0.0625,1108.97,0,0.009028294360342049
ACC100705,0.0,0.020778552694314237,0,0.0,0.0588235294117647,1784.72,0,0.008311421077725695
ACC100387,0.0,0.018512309357982107,0,0.0,0.0625,2046.34,0,0.007404923743192843
ACC100704,0.0,0.017901857198712724,0,0.0,0.0666666666666666,1262.23,0,0.00716074287948509
ACC100010,0.0,0.01581299080127437,0,0.0,0.0769230769230769,1512.33,0,0.006325196320509748
ACC100203,0.0,0.015367419782221671,0,1.0,0.0526315789473684,909.63,0,0.006146967912888669
ACC100481,0.0,0.012408068182200867,0,0.0,0.0666666666666666,1088.22,0,0.004963227272880347
ACC100092,0.0,0.0120534467235633,0,0.0,0.0625,1559.67,0,0.00482137868942532
ACC100180,0.0,0.011406154918818098,0,0.0,0.0833333333333333,1958.92,0,0.004562461967527239
ACC100369,0.0,0.010916374540533711,0,1.0,0.0666666666666666,1253.56,0,0.004366549816213485
ACC100535,0.0,0.005831743931861109,0,0.0,0.0666666666666666,1238.08,0,0.0023326975727444433
ACC100288,0.0,0.004908880213008554,0,0.0,0.0588235294117647,1085.46,0,0.001963552085203422
ACC100118,0.0,0.004535877644086911,0,0.0,0.0714285714285714,1012.31,0,0.0018143510576347647
ACC100316,0.0,0.0,0,0.0,0.0625,1398.06,0,0.0
